description,completed
deploy cross-media channels,0
redefine bricks-and-clicks synergies,1
enable extensible metrics,0
utilize enterprise e-markets,0
exploit back-end niches,1
transition end-to-end vortals,1
mesh extensible content,0
maximize B2B architectures,0
extend best-of-breed portals,1
engage dot-com infomediaries,1
optimize turn-key partnerships,0
visualize cutting-edge initiatives,0
reinvent bleeding-edge methodologies,1
visualize cutting-edge deliverables,0
grow end-to-end action-items,1
extend distributed models,0
enhance dynamic markets,0
repurpose leading-edge systems,1
monetize integrated experiences,1
productize extensible web-readiness,1
